<?xml version="1.0" encoding="utf-8"?>
<Res>
	<Text id="chinese_text" value="中文"/>
	<Text id="english_text" value="English"/>
	<Text id="german_text" value="German"/>
	<Text id="polish_text" value="Polish"/>
	<Text id="finnish_text" value="Finnish"/>
	<Text id="swedish_text" value="Swedish"/>
	<Text id="danish_text" value="Danish"/>
	<Text id="hungarian_text" value="Hungarian"/>
	<Text id="french_text" value="French"/>
	<Text id="dutch_text" value="Dutch"/>
	<Text id="czech_text" value="Czech"/>
	<Text id="slovak_text" value="Slovak"/>
	<Text id="croatia_text" value="Croatia"/>
	<Text id="korean_text" value="한국어"/>
	
	<Text id="lan_text" value="Язык"/>
	<Text id="about_text" value="About"/>
	<Text id="version_text" value="Version:V1.0.0.0"/>
	<Text id="copyright_text" value="CopyRight (C) 2020"/>
  <!-- Config Page-->
  <Text id="version" value="V1.0"/>
  <Text id="configuration_text" value="Конфигурация"/>
  <Text id="exit_text" value="Выход"/>
  <Text id="mouse_name_text" value="Беспроводная игровая мышь"/>
  <Text id="profile_text" value="Профиль"/>
  <Text id="low_power_text" value="Необходима зарядка"/>
  <Text id="charging_text" value="Зарядка..."/>
  <Text id="profile_1_text" value="Профиль 1"/>
  <Text id="profile_2_text" value="Профиль 2"/>
  <Text id="profile_3_text" value="Профиль 3"/>
  <Text id="profile_4_text" value="Профиль 4"/>
  <Text id="profile_5_text" value="Профиль 5"/>
  <!--mouse-->
  <Text id="mouse_light_text" value="Настройки подсветки"/>
  <Text id="mouse_button_text" value="Настройки кнопок"/>
  <Text id="mouse_dpi_setting_text" value="DPI Настройки"/>
  <Text id="mouse_macro_text" value="Менеджер макросов"/>
  <Text id="profile_menu_tips" value="Меню"/>
  <Text id="add_profile_tips" value="Добавить"/>
  <Text id="delete_profile_tips" value="Удалить"/>
  <Text id="export_profile_tips" value="Экпорт Профиля"/>
  <Text id="import_profile_tips" value="Импорт Профиля"/>
  <Text id="copy_profile_tips" value="Копировать"/>
  <Text id="reset_profile_tips" value="Сбросить"/>
  <Text id="profile_name_text" value="Имя Профиля"/>
  <Text id="confirm_text" value="ОК"/>
  <Text id="link_app_text" value="Ссылка на приложение"/>
  <Text id="apply_text" value="Применить"/>
  
  <!--mouse Button page-->
  <Text id="mouse_default_function_text" value="По умолчанию"/>
  <Text id="mouse_mouse_function_text" value="Клавиша мыши"/>
  <Text id="mouse_dpi_function_text" value="DPI"/>
  <Text id="mouse_profile_function_text" value="Профиль"/>
  <Text id="mouse_keyboard_function_text" value="Клавиша клавиатуры"/>
  <Text id="mouse_media_function_text" value="Медиа"/>
  <Text id="mouse_system_button_text" value="Система"/>
  <Text id="mouse_macro_function_text" value="Макрос"/>
  <Text id="mouse_shortcut_function_text" value="Сочетание клавиш"/>
  <Text id="mouse_function_text" value="Функции мыши"/>
  <Text id="media_function_text" value="Функции медиа"/>
  <Text id="shortcut_function_text" value="Сочетание клавиш"/>
  <Text id="hotkey_function_text" value="Горячая клавиша"/>
  <Text id="disabled_function_text" value="Отключено"/>
  <Text id="system_function_text" value="Системные горячие клавиши:"/>
  <Text id="keyboard_type_text" value="Пожалуйста, Введите Ключ:"/>
  <Text id="select_macro_text" value="Выберите Макрос:"/>
  <Text id="repeat_mode_text" value="Режим повтора:"/>
  <Text id="repeat_mode_1_text" value="Количество Времени Для Воспроизведения"/>
  <Text id="repeat_mode_2_text" value="Нажмите Любую Клавишу, Чтобы Остановить Воспроизведение"/>
  <Text id="repeat_mode_3_text" value="Нажмите И Удерживайте, Отпустите - Стоп"/>
  <Text id="loop_times_text" value="Время цикла (1~255):"/>
  <Text id="fire_delay_text" value="Задержки (4~255 мс):"/>
  <Text id="fire_times_text" value="Количество раз (1~255):"/>
  
  <!--mouse Performance-->
  <Text id="dpi_setting_text" value="DPI Настройки"/>
  <Text id="dpi_color_setting_text" value="DPI Настройки цвета"/>
  <Text id="dpi_setting1_text" value="DPI Настройка #1"/>
  <Text id="dpi_setting2_text" value="DPI Настройка #2"/>
  <Text id="dpi_setting3_text" value="DPI Настройка #3"/>
  <Text id="dpi_setting4_text" value="DPI Настройка #4"/>
  <Text id="dpi_setting5_text" value="DPI Настройка #5"/>
  <Text id="dpi_setting6_text" value="DPI Настройка #6"/>
  <Text id="dpi_setting7_text" value="DPI Настройка #7"/>
  <Text id="dpi_setting8_text" value="DPI Настройка #8"/>
  <Text id="mouse_move_speed_text" value="Скорость перемещения мыши"/>
  <Text id="mouse_double_click_speed_text" value="Скорость двойного щелчка"/>
  <Text id="mouse_scroll_speed_text" value="Скорость прокрутки колесиком"/>
  <Text id="mouse_scroll_one_page_text" value="Прокрутить одну страницу"/>
  <Text id="mouse_polling_rate_text" value="Частота опроса"/>
  <Text id="slow_text" value="Медленно"/>
  <Text id="fast_text" value="Быстро"/>
  <Text id="125_text" value="125"/>
  <Text id="250_text" value="250"/>
  <Text id="500_text" value="500"/>
  <Text id="1000_text" value="1000"/>
  <Text id="reset_dpi_text" value="Восстановление заводских настроек"/>
  <Text id="mouse_attribute_text" value="Характеристика мыши"/>
  <Text id="open_mouse_attribute_text" value="Открыть характеристики мыши"/>
  
  <!--mouse Light-->
  <Text id="light_mode_text" value="Режим"/>
  <Text id="brightness_text" value="Яркость"/>
  <Text id="breathing_text" value="Дыхание"/>
  <Text id="preview_text" value="Предварительный просмотр:"/>
  <Text id="mouse_lightmode1" value="Волна"/>
  <Text id="mouse_lightmode2" value="Статический"/>
  <Text id="mouse_lightmode3" value="Дыхание"/>
  <Text id="mouse_lightmode4" value="Спектр"/>
  <Text id="mouse_lightmode5" value="Прилив"/>
  <Text id="mouse_lightmode6" value="Пульсирование"/>
  <Text id="color_cycle_text" value="Смешивать цвета"/>
  <Text id="direction_text" value="Направление:"/>
  <Text id="left_text" value="Слева"/>
  <Text id="right_text" value="Справа"/>
  <Text id="synchronize_text" value="Синхронизация"/>
  <Text id="clockwise_text" value="Спереди"/>
  <Text id="counterclockwise_text" value="Сзади"/>
  
  <!--Warning-->
  <Text id="warning_title_text" value="Предупреждение!"/>
  <Text id="delete_profile_text" value="Вы действительно хотите удалить этот профиль?"/>
  <Text id="delete_macro_text" value="Вы действительно хотите удалить этот макрос?"/>
  <Text id="one_click_text" value="По крайней мере, одна кнопка должна быть &quot;Нажата ЛКМ&quot;!"/>
  <Text id="no_device_text" value="Нет устройства"/>
  <Text id="save_macro_text" value="Данные макроса не были сохранены, пожалуйста, сохраните или отмените!"/>
  <Text id="sleep_device_text" value="Устройство переходит в спящий режим!"/>
  
  <!--Macro-->
  <Text id="macro_name_text" value="Имя макроса"/>
  <Text id="macro_mouse_event_text" value="Действие мыши"/>
  <Text id="macro_command_text" value="Команда мыши"/>
  <Text id="mouse_key_1_text" value="Щелчок ЛКМ"/>
  <Text id="mouse_key_2_text" value="Щелчок ПКМ"/>
  <Text id="mouse_key_3_text" value="Щелчок СКМ"/>
  <Text id="mouse_key_4_text" value="Вперед"/>
  <Text id="mouse_key_5_text" value="Назад"/>
  <Text id="insert_mouse_event_text" value="Действие мыши"/>
  <Text id="start_recording_text" value="Запись"/>
  <Text id="stop_recording_text" value="Стоп"/>
  <Text id="macro_list_header_key_text" value="Клавиша"/>
  <Text id="macro_list_header_action_text" value="Действие"/>
  <Text id="macro_list_header_delay_text" value="Задержка(мс)"/>
  <Text id="macro_uptop_text" value="До Самого Верха"/>
  <Text id="macro_downbottom_text" value="Вниз до самого низа"/>
  <Text id="macro_up_text" value="Двигаться вверх"/>
  <Text id="macro_down_text" value="Двигаться вниз"/>
  <Text id="macro_delete_action_text" value="Удалить"/>
  <Text id="macro_clear_action_text" value="Очистить всё"/>
  <Text id="save_text" value="Сохранить"/>
  <Text id="cancel_text" value="Отменить"/>
  <Text id="export_text" value="Экспорт"/>
  <Text id="import_text" value="Импорт"/>
  <Text id="macro_edit_text" value="Редактировать"/>
  
  <Text id="record_delay_text" value="Задержка записи"/>
  <Text id="no_delay_text" value="Минимальная задержка"/>
  <Text id="default_delay_text" value="Задержка по умолчанию в мс"/>
  <Text id="macro_list_text" value="Список макросов"/>
  <Text id="insert_text" value="Вставить"/>
  <Text id="delay_before_text" value="Задержка перед Этим"/>
  <Text id="delay_after_text" value="Задержка После Этого"/>
  <Text id="record_before_text" value="Запись до этого"/>
  <Text id="record_after_text" value="Запись После Этого"/>
  <Text id="insert_delay_text" value="Задержка вставки"/>
  <Text id="delay_times_text" value="Время задержки"/>
  <Text id="ms_text" value="МС"/>
  <Text id="insert_delay_ok_text" value="Вставить"/>
  <Text id="insert_delay_cancel_text" value="Отменить"/>
  <Text id="insert_key_ok_text" value="Сохранить"/>
  
  
  <!--Command-->
  <Text id="left_click_text" value="ЛКМ"/>
  <Text id="right_click_text" value="ПКМ"/>
  <Text id="wheel_click_text" value="СКМ"/>
  <Text id="forward_text" value="Вперед"/>
  <Text id="backward_text" value="Назад"/>
  <Text id="dpi_cycle_text" value="DPI Цикл"/>
  <Text id="dpi_up_text" value="DPI +"/>
  <Text id="dpi_down_text" value="DPI -"/>
  <Text id="double_click_text" value="Двойной щелчок мышью"/>
  <Text id="fire_button_text" value="Кнопка Огонь"/>
  <Text id="easy_aim_text" value="Лёгкий АИМ"/>
  <Text id="scroll_up_text" value="Прокрутите вверх"/>
  <Text id="scroll_down_text" value="Прокрутите вниз"/>
  <Text id="titl_right_text" value="Прокрутите вправо"/>
  <Text id="titl_left_text" value="Прокрутите влево"/>
  
  <Text id="profile_cycle_text" value="Профильный цикл"/>
  <Text id="profile_up_text" value="Профиль +"/>
  <Text id="profile_down_text" value="Профиль -"/>
  
  <Text id="media_player_text" value="Медиаплеер"/>
  <Text id="play_pause_text" value="Запуск / Пауза"/>
  <Text id="media_stop_text" value="Стоп"/>
  <Text id="previous_track_text" value="Предыдущий трек"/>
  <Text id="next_track_text" value="Следующий трек"/>
  <Text id="volume_up_text" value="Звук +"/>
  <Text id="volume_down_text" value="Звук -"/>
  <Text id="mute_text" value="Замутить"/>
  
  <Text id="cut_text" value="Вырезать"/>
  <Text id="copy_text" value="Скопировать"/>
  <Text id="paste_text" value="Вставить"/>
  <Text id="open_text" value="Открыть"/>
  <Text id="save_text" value="Сохранить"/>
  <Text id="find_text" value="Найти"/>
  <Text id="redo_text" value="Повторить"/>
  <Text id="undo_text" value="Отменить"/>
  <Text id="select_all_text" value="Выделить всё"/>
  <Text id="print_text" value="Печать"/>
  <Text id="close_window_text" value="Закрыть окно"/>
  <Text id="swap_windows_text" value="Поменять местами окна"/>
  <Text id="show_desktop_text" value="Показать рабочий стол"/>
  <Text id="run_command_text" value="Выполнить команду"/>
  <Text id="lock_pc_text" value="Заблокировать ПК"/>
  
  <Text id="browser_home_text" value="Главная страница браузера"/>
  <Text id="browser_favorites_text" value="Избранное в браузере"/>
  <Text id="browser_forward_text" value="Вперед в браузере"/>
  <Text id="browser_backward_text" value="Назад в браузере"/>
  <Text id="browser_stop_text" value="Стоп в браузере"/>
  <Text id="browser_refresh_text" value="Обновление страницы в браузере"/>
  <Text id="browser_search_text" value="Поиск в браузере"/>
  <Text id="email_text" value="Почта"/>
  <Text id="caculator_text" value="Калькулятор"/>
  <Text id="my_computer_text" value="Мой компьютер"/>
  <Text id="power_text" value="Power"/>
  <Text id="sleep_text" value="Сон"/>
  <Text id="wake_up_text" value="Пробуждение"/>
  
  <Text id="button_off_text" value="Кнопка выключения"/>
  
  <!--macro menu-->
	<Text id="import_text" value="Импорт"/>
	<Text id="export_text" value="Экспорт"/>
	
	<!--keyboard light-->
  <Text id="kb_lightmode1" value="Волна"/>
  <Text id="kb_lightmode2" value="Статический"/>
  <Text id="kb_lightmode3" value="Дыхание"/>
  <Text id="kb_lightmode4" value="Переменная яркость"/>
  <Text id="kb_lightmode5" value="Альтернативное дыхание"/>
  <Text id="kb_lightmode6" value="Левый/Правый хвост"/>
  <Text id="kb_lightmode7" value="Диффузия/Сжатие"/>
  <Text id="kb_lightmode8" value="Наложение слева/справа"/>
  <Text id="kb_lightmode9" value="Центральная суперпозиция"/>
  <Text id="kb_lightmode10" value="Вызванная диффузия"/>
  <Text id="kb_lightmode11" value="Демонстрационный режим"/>
  <Text id="kb_lightmode12" value="Неоновый"/>
  <Text id="diffusion_text" value="Диффузия"/>
  <Text id="shrink_text" value="Сокращаться"/>
  
  <!--Wilress light mode-->
  <Text id="wireless_lightmode1" value="Выкл."/>
  <Text id="wireless_lightmode2" value="Статический (фиксированный цвет)"/>
  <Text id="wireless_lightmode3" value="Дыхание(фиксированный цвет)"/>
  <Text id="wireless_lightmode4" value="Неоновый"/>
  <Text id="wireless_lightmode5" value="Циклическое дыхание"/>
  <Text id="wireless_lightmode6" value="Статичный(DPI Цвет)"/>
  <Text id="wireless_lightmode7" value="Дыхание(DPI Цвет)"/>
  <Text id="wireless_lightmode8" value="Волна"/>
  <Text id="wireless_lightmode9" value="Бегущая строка"/>
  
  <!--Keyboard string-->
  <!-- 键盘按键 -->
	<Text id="key_LCtrl" value="LCtrl" />                 
	<Text id="key_LShift" value="LShift" />                
	<Text id="key_LAlt"  value="LAlt" />                  
	<Text id="key_LWin"  value="LWin" />                
	<Text id="key_RCtrl"  value="RCtrl" />                 
	<Text id="key_RShift" value="RShift" />                
	<Text id="key_RAlt" value="RAlt" />                  
	<Text id="key_RWin" value="RWin" />                
	<Text id="key_A" value="A" />                     
	<Text id="key_B" value="B" />                     
	<Text id="key_C" value="C" />                     
	<Text id="key_D" value="D" />                     
	<Text id="key_E" value="E" />                     
	<Text id="key_F" value="F" />                     
	<Text id="key_G" value="G" />                     
	<Text id="key_H" value="H" />                     
	<Text id="key_I" value="I" />                     
	<Text id="key_J" value="J" />                     
	<Text id="key_K" value="K" />                     
	<Text id="key_L" value="L" />                     
	<Text id="key_M" value="M" />                     
	<Text id="key_N" value="N" />                     
	<Text id="key_O" value="O" />                     
	<Text id="key_P" value="P" />                     
	<Text id="key_Q" value="Q" />                     
	<Text id="key_R" value="R" />                     
	<Text id="key_S" value="S" />                     
	<Text id="key_T" value="T" />                     
	<Text id="key_U" value="U" />                     
	<Text id="key_V" value="V" />                     
	<Text id="key_W" value="W" />                     
	<Text id="key_X" value="X" />                     
	<Text id="key_Y" value="Y" />                     
	<Text id="key_Z" value="Z" />                     
	<Text id="key_1" value="1" />                     
	<Text id="key_2" value="2" />                     
	<Text id="key_3" value="3" />                     
	<Text id="key_4" value="4" />                     
	<Text id="key_5" value="5" />                     
	<Text id="key_6" value="6" />                     
	<Text id="key_7" value="7" />                     
	<Text id="key_8" value="8" />                     
	<Text id="key_9" value="9" />                     
	<Text id="key_0" value="0" />                     
	<Text id="key_Enter" value="Enter" />	               
	<Text id="key_Esc" value="Esc" />                   
	<Text id="key_BackSpace" value="BackSpace" />             
	<Text id="key_Tab" value="Tab" />	                 
	<Text id="key_Space" value="Space" />                 
	<Text id="key_-" value="-" />                     
	<Text id="key_=" value="=" />                     
	<Text id="key_[" value="[" />                     
	<Text id="key_]" value="]" />                     
	<Text id="key_\\" value="\" />                  
	<Text id="key_;" value=";" />                     
	<Text id="key_'" value="'" />                     
	<Text id="key_`" value="`" />                     
	<Text id="key_," value="," />                     
	<Text id="key_." value="." />                     
	<Text id="key_/" value="/" />                     
	<Text id="key_Caplk" value="Caplk" />                 
	<Text id="key_F1" value="F1" />                    
	<Text id="key_F2" value="F2" />                    
	<Text id="key_F3" value="F3" />                    
	<Text id="key_F4" value="F4" />                    
	<Text id="key_F5" value="F5" />                    
	<Text id="key_F6" value="F6" />                    
	<Text id="key_F7" value="F7" />                    
	<Text id="key_F8" value="F8" />                    
	<Text id="key_F9" value="F9" />                    
	<Text id="key_F10" value="F10" />                   
	<Text id="key_F11" value="F11" />                   
	<Text id="key_F12" value="F12" />                   
	<Text id="key_Print Scr" value="Print Scr" />             
	<Text id="key_Scroll Lock" value="Scroll Lock" />           
	<Text id="key_Pause" value="Pause" />                 
	<Text id="key_Insert" value="Insert" />                
	<Text id="key_Home" value="Home" />                  
	<Text id="key_Page Up" value="Page Up" />               
	<Text id="key_Delete" value="Delete" />                
	<Text id="key_End" value="End" />                   
	<Text id="key_Page Down" value="Page Down" />             
	<Text id="key_Right" value="Right" />                 
	<Text id="key_Left" value="Left" />                  
	<Text id="key_Down" value="Down" />                  
	<Text id="key_Up" value="Up" />                    
	<Text id="key_Num Lock" value="Num Lock" />              
	<Text id="key_Num_/" value="Num /" />                 
	<Text id="key_Num_*" value="Num *" />                 
	<Text id="key_Num_-" value="Num -" />                 
	<Text id="key_Num_+" value="Num +" />                 
	<Text id="key_Num_Enter" value="Num Enter" />             
	<Text id="key_Num_1" value="Num 1" />                 
	<Text id="key_Num_2" value="Num 2" />                 
	<Text id="key_Num_3" value="Num 3" />                 
	<Text id="key_Num_4" value="Num 4" />                 
	<Text id="key_Num_5" value="Num 5" />                 
	<Text id="key_Num_6" value="Num 6" />                 
	<Text id="key_Num_7" value="Num 7" />                 
	<Text id="key_Num_8" value="Num 8" />                 
	<Text id="key_Num_9" value="Num 9" />                 
	<Text id="key_Num_0" value="Num 0" />                 
	<Text id="key_Decimal" value="Decimal" />               
	<Text id="key_App" value="App" />                   
	<Text id="key_Launch App2" value="Launch App2" />
	<Text id="key_Browaer Home" value="Browaer Home" />          
	<Text id="key_Media Play Pause" value="Media Play Pause" />      
	<Text id="key_Browser Search" value="Browser Search" />        
	<Text id="key_Launch Mail" value="Launch Mail" />           
	<Text id="key_Volume Up" value="Volume Up" />             
	<Text id="key_Volume Mute" value="Volume Mute" />           
	<Text id="key_Media Stop" value="Media Stop" />            
	<Text id="key_Volume Down" value="Volume Down" />           
	<Text id="key_Browser Favorites" value="Browser Favorites" />     
	<Text id="key_Browser ForWard" value="Browser ForWard" />       
	<Text id="key_Browser Back" value="Browser Back" />          
	<Text id="key_Media Prev Track" value="Media Prev Track" />      
	<Text id="key_Media Next Track" value="Media Next Track" />      
	<Text id="key_Computer" value="Computer" />              
	<Text id="key_Browser Refresh" value="Browser Refresh" />       
	<Text id="key_Launch Media Select" value="Launch Media Select" />   
	<Text id="key_Launch Media Select" value="Launch Media Select" />   
	<Text id="key_Power" value="Power" />                 
	<Text id="key_Sleep" value="Sleep" />                 
	<Text id="key_Wakeup" value="Wakeup" />	 
	<Text id="L_Button" value="Left Button" />
	<Text id="R_Button" value="Right Button" />
	<Text id="M_Button" value="Middle Button" />
	<Text id="Forward_Button" value="Forward Button" />
	<Text id="Backward_Button" value="Backward Button" />	

	<Text id="key_down_action" value="Pushed"/>
	<Text id="key_up_action" value="Release"/>
  
</Res>