<?xml version="1.0" encoding="utf-8" standalone="yes" ?>
<Window size="1000,640" caption="0,0,0,50" gdiplustext="true">
	<Font shared="true" id="0" name="Arial" size="12" default="true" bold="false"/>
	<Font shared="true" id="1" name="Arial" size="12" bold="false" />
	<Font shared="true" id="2" name="Arial" size="12" bold="false"/>
	<Font shared="true" id="3" name="Arial" size="7" bold="false"/>
	<Font shared="true" id="4" name="Arial" size="12" bold="true"/>
	<Font shared="true" id="5" name="Arial" size="20" bold="true"/>
	<Default name="VScrollBar" shared="true" value="width=&quot;8&quot; showbutton1=&quot;false&quot; showbutton2=&quot;false&quot; thumbnormalimage=&quot;file='skins/vscrollbar.png' source='0,60,8,100' corner='0,4,0,4'&quot; thumbhotimage=&quot;file='skins/vscrollbar.png' source='8,60,16,100' corner='0,4,0,4'&quot; thumbpushedimage=&quot;file='skins/vscrollbar.png' source='16,60,24,100' corner='0,4,0,4'&quot; railnormalimage=&quot;&quot; railhotimage=&quot;&quot; railpushedimage=&quot;&quot; raildisabledimage=&quot;&quot; bknormalimage=&quot;file='skins/vscrollbar.png' source='0,0,8,60' corner='0,4,0,4'&quot; bkhotimage=&quot;&quot; bkpushedimage=&quot;&quot; bkdisabledimage=&quot;&quot; "/>
    <Default name="HScrollBar" shared="true" value="height=&quot;8&quot; showbutton1=&quot;false&quot; showbutton2=&quot;false&quot; thumbnormalimage=&quot;file='skins/hscrollbar.png' source='0,0,32,8' corner='4,0,4,0'&quot; thumbhotimage=&quot;file='skins/hscrollbar.png' source='0,8,32,16' corner='4,0,4,0'&quot; thumbpushedimage=&quot;file='skins/hscrollbar.png' source='0,16,32,24' corner='4,0,4,0'&quot; railnormalimage=&quot;&quot; railhotimage=&quot;&quot; railpushedimage=&quot;&quot; raildisabledimage=&quot;&quot; bknormalimage=&quot;file='skins/hscrollbar.png' source='0,0,32,8' corner='4,0,4,0'&quot; bkhotimage=&quot;&quot; bkpushedimage=&quot;&quot; bkdisabledimage=&quot;&quot; "/>
 
	<Style name="center_button" shared="true" value="align=&quot;center&quot; valign=&quot;vcenter&quot; resourcetext=&quot;true&quot; textcolor=&quot;#FFFFFFFF&quot; hottextcolor=&quot;#FFFFFFFF&quot; pushedtextcolor=&quot;0xFFFFFFFF&quot; selectedtextcolor=&quot;#FFFFFFFF&quot;"/>
    <Style name="bottom_button" shared="true" value="font=&quot;1&quot; align=&quot;center&quot; valign=&quot;vcenter&quot; textpadding=&quot;5,50,5,2&quot; resourcetext=&quot;true&quot; textcolor=&quot;#FF5F5F5F&quot; hottextcolor=&quot;#FF28B4E6&quot; pushedtextcolor=&quot;FF28B4E6&quot; selectedtextcolor=&quot;#FF28B4E6&quot;"/>
	<Style name="left_button" shared="true" value="align=&quot;left&quot; valign=&quot;vcenter&quot; textpadding=&quot;25,2,0,0&quot; float=&quot;true&quot; resourcetext=&quot;true&quot; textcolor=&quot;#FF6E6E6E&quot; hottextcolor=&quot;#FF2678D8&quot; selectedtextcolor=&quot;#FFFFFFFF&quot;"/>
	<Style name="dpi_setting_btn_style" shared="true" value="align=&quot;left&quot; valign=&quot;vcenter&quot; resourcetext=&quot;true&quot; textcolor=&quot;#FFFFFFFF&quot; hottextcolor=&quot;#FFF08300&quot; selectedtextcolor=&quot;#FFF08300&quot;"/>
	<Style name="main_tap" shared="true" value="font=&quot;0&quot; align=&quot;center&quot; valign=&quot;vcenter&quot; resourcetext=&quot;true&quot; textcolor=&quot;#FF28B4E6&quot; hottextcolor=&quot;#FFFFFFFF&quot; pushedtextcolor=&quot;0xFFFFFFFF&quot; selectedtextcolor=&quot;#FFFFFFFF&quot;"/>
	<Style name="left_mouse_button_style" shared="true" value="align=&quot;left&quot; valign=&quot;vcenter&quot; textpadding=&quot;10,0,3,0&quot; resourcetext=&quot;true&quot; textcolor=&quot;#FFFFFF&quot; hottextcolor=&quot;#FFFFFF&quot; pushedtextcolor=&quot;0xFFFFFF&quot; selectedtextcolor=&quot;#FFFFFFFF&quot;"/>
	<Style name="right_mouse_button_style" shared="true" value="align=&quot;left&quot; valign=&quot;vcenter&quot; textpadding=&quot;3,0,30,0&quot; resourcetext=&quot;true&quot; textcolor=&quot;#FFFFFF&quot; hottextcolor=&quot;#FFFFFF&quot; pushedtextcolor=&quot;0xFFFFFF&quot; selectedtextcolor=&quot;#FFFFFFFF&quot;"/>	
	<Style name="profile_combo_style" shared="true" value="dropboxsize=&quot;0,300&quot; itemtextcolor=&quot;#ffffffff&quot; itemhottextcolor=&quot;#ffffffff&quot; itemselectedtextcolor=&quot;#ffffffff&quot; height=&quot;28&quot; textcolor=&quot;#FFFFFFFF&quot; textpadding=&quot;4,1,30,1&quot; itemtextpadding=&quot;10,0,5,0&quot; normalimage=&quot;res='skins/profile_combo_1.png' corner='10,4,75,4'&quot; hotimage=&quot;res='skins/profile_combo_2.png' corner='10,4,75,4'&quot; pushedimage=&quot;res='skins/profile_combo_2.png' corner='10,4,75,4'&quot; disabledimage=&quot;skins/combo_item_bk_1.png corner='10,4,75,4'&quot; itemselectedimage=&quot;skins/combo_item_bk_2.png&quot; itemhotimage=&quot;skins/combo_item_bk_1.png&quot; textpadding=&quot;10,0,0,0&quot;"/>    
	<Style name="profile_name_btn_style" shared="true" value="textcolor=&quot;#FFFFFFFF&quot; hottextcolor=&quot;#FFFFFFFF&quot; selectedtextcolor=&quot;#FFFFFFFF&quot; textpadding=&quot;0,0,0,0&quot; group=&quot;tab_header&quot; normalimage=&quot;res='skins/profile_edit_name_1.png' corner='2,2,2,2'&quot; hotimage=&quot;res='skins/profile_edit_name_2.png' corner='2,2,2,2'&quot;  focusedimage=&quot;res='skins/profile_edit_name_2.png' corner='2,2,2,2'&quot; selectedimage=&quot;res='skins/profile_edit_name_2.png' corner='2,2,2,2'&quot; disabledimage=&quot;skins/profile_edit_name_1.png&quot;"/>
	
	<Style name="mouse_key_style" shared="true" value="font=&quot;0&quot; align=&quot;center&quot; valign=&quot;vcenter&quot; resourcetext=&quot;true&quot; textcolor=&quot;#FFFFFFFF&quot; normalimage=&quot;skins\\mouse/button_1.png&quot; hotimage=&quot;skins\\mouse/button_2.png&quot; pushedimage=&quot;skins\\mouse/button_3.png&quot; selectedimage=&quot;skins\\mouse/button_3.png&quot;"/>
	<Style name="radio_style" shared="true" value="font=&quot;1&quot; align=&quot;left&quot; valign=&quot;vcenter&quot; resourcetext=&quot;true&quot; textpadding=&quot;10,0,0,0&quot; textcolor=&quot;#FFFFFFFF&quot; hottextcolor=&quot;#FFF08300&quot; pushedtextcolor=&quot;FFF08300&quot; selectedtextcolor=&quot;#FFF08300&quot; normalimage=&quot;res='skins/radio_1.png' dest='0,7,7,14'&quot; hotimage=&quot;res='skins/radio_1.png' dest='0,7,7,14'&quot; pushedimage=&quot;res='skins/radio_2.png' dest='0,7,7,14'&quot; selectedimage=&quot;res='skins/radio_2.png' dest='0,7,7,14'&quot;"/>
	<Style name="macro_delay_radio_style" shared="true" value="font=&quot;1&quot; align=&quot;left&quot; valign=&quot;vcenter&quot; resourcetext=&quot;true&quot; textpadding=&quot;15,0,0,0&quot; textcolor=&quot;#FF5F5F5F&quot; hottextcolor=&quot;#FF28B4E6&quot; pushedtextcolor=&quot;FF28B4E6&quot; selectedtextcolor=&quot;#FF28B4E6&quot; normalimage=&quot;res='skins/radio_1.png' dest='0,1,15,16'&quot; hotimage=&quot;res='skins/radio_2.png' dest='0,1,15,16'&quot; pushedimage=&quot;res='skins/radio_3.png' dest='0,9,12,21'&quot; selectedimage=&quot;res='skins/radio_3.png' dest='0,9,12,21'&quot;"/>
	<Style name="list_style" shared="true"
           value="itemfont=&quot;1&quot; itemalign=&quot;center&quot; itemlinecolor=&quot;#FF000000&quot; itemdisabledbkcolor=&quot;0x00000000&quot; itemselectedimage=&quot;skins/list_item_bk_2.png&quot; itemhotimage=&quot;skins/list_item_bk_1.png&quot; itemshowrowline=&quot;true&quot; itemshowcolumnline=&quot;true&quot; itemtextcolor=&quot;#FFFFFFFF&quot; itemselectedtextcolor=&quot;#FFFFFFFF&quot; itemhottextcolor=&quot;#FFFFFFFF&quot;" />
	
	<Style name="kb_key_style" shared="true"
			value="float=&quot;true&quot; width=&quot;21&quot; height=&quot;26&quot; hotimage=&quot;res='kb/key1_1.png' corner='2,2,2,2'&quot; pushedimage=&quot;res='kb/key1_2.png' corner='2,2,2,2'&quot; selectedimage=&quot;res='kb/key1_2.png' corner='2,2,2,2'&quot;"/>
	
	<Style name="kb_lightkey_style" shared="true"
			value="float=&quot;true&quot; width=&quot;21&quot; height=&quot;26&quot; bkimage=&quot;kb/key1_1.png&quot;"/>
	<Style name="draw_btn_style" shared="true"
			value="resourcetext=&quot;true&quot; align=&quot;center&quot; valign=&quot;vcenter&quot; bordersize=&quot;2&quot; bordercolor=&quot;0xFFfa7b03&quot; bkcolor=&quot;0x00000000&quot; hotbkcolor=&quot;0xFFfa7b03&quot; pushedbkcolor=&quot;0xFFfa7b03&quot; textcolor=&quot;0xFF000000&quot; hottextcolor=&quot;0xFF000000&quot; selectedtextcolor=&quot;0xFF000000&quot;"/>

	
	<VerticalLayout name="root" bkimage="res='skins/background.png'">
		<Label bkimage="" float="true" pos="20,5,248,78" visible="true"  width="228" height="73"/>
		<HorizontalLayout inset="0,1,0,0" height="30">
            <Control/>  
			<Button name="skin_btn" width="30" height="20" visible="false" normalimage="skins/btn_skin_normal.png" hotimage="skins/btn_skin_highlight.png" pushedimage="skins/btn_Skin_highlight.png" padding="0,9,0,0"/>
			<Button name="main_menu_btn" width="21" height="21" visible="true" normalimage="skins/btn_menu_normal.png" hotimage="skins/btn_menu_over.png" pushedimage="skins/btn_menu_over.png" padding="10,9,0,0"/>
			<Button name="min_btn" width="22" height="21" normalimage="skins/btn_mini_normal.png" hotimage="skins/btn_mini_over.png" pushedimage="skins/btn_mini_over.png" padding="10,9,0,0"/>
			<Button name="exit_btn" width="19" height="21" normalimage="skins/close_1.png" hotimage="skins/close_2.png" pushedimage="skins/close_2.png" padding="10,9,0,0"/>
			<Control width="30"/>
        </HorizontalLayout>
		<Control height="50"/>
		
		<TabLayout name="device_tab_switch" selectedid="0">
			<VerticalLayout name="wireless_ver" virtualwnd="WirelessPage">
				<Include source="wirelesspage.xml"/>
			</VerticalLayout>
		</TabLayout>
		<Control height="89"/>
		<VerticalLayout name="apply_ring" float="true" pos="0,0,1000,640" bkcolor="0x5F000000" visible="false">
			<Ring name="ring" float="true" height="200" width="200" bkimage="skins/ring.png" floatalign="center,vcenter"/>
		</VerticalLayout>
    </VerticalLayout>
</Window>
