<?xml version="1.0" encoding="utf-8"?>

<Window>
	<HorizontalLayout bkimage="res='skins\ms_1/dpi_setting_bg.png' corner='5,5,5,5'">
		<VerticalLayout width="170" bordersize="1" bordercolor="0xFF000000" padding="10,10,0,10">
			<VerticalLayout name="wireless_macro_name_tab" visible="true">
				<List name="wireless_macro_list" vscrollbar="true" itemtextcolor="#FFFFFFFF" style="list_style" itemalign="vcenter" itemvalign="vcenter">
					<ListHeader height="31">
						<ListContainerHeaderItem text="macro_name_text" width="170" mouse="false" textcolor="#FFFFFFFF" tooltip="macro_name_text" endellipsis="true"
												 resourcetext="true"
												 bkimage="res='skins/label_macro_bg.png' corner='10,5,10,5'"
												 sepwidth="1"/>
					</ListHeader>
				</List>
			</VerticalLayout>
			
			<VerticalLayout name="wireless_macro_mouse_event_tab" width="170" bordercolor="0xFF000000" bordersize="1" visible="false">
				<Label text="macro_mouse_event_text" height="31" align="center" textcolor="#FFFFFFFF" resourcetext="true" tooltip="macro_mouse_event_text" endellipsis="true" bkimage="res='skins/label_macro_bg.png' corner='10,5,10,5'"/>
				<Label text="macro_command_text" height="31" align="center" textcolor="#FFFFFFFF"  bkcolor="#FF303233" editable="true" resourcetext="true" visible="true" tooltip="macro_command_text" endellipsis="true"/>
				<Button name="wireless_macro_key1_btn" width="150" height="24" text="mouse_key_1_text" textcolor="#FFFFFFFF"  bkcolor="#FF2d2f30" padding="6,10,0,0" resourcetext="true" tooltip="mouse_key_1_text" endellipsis="true"
						textpadding="23,0,10,0"
						normalimage="skins/insert_mouse_key_1.png" 
						hotimage="skins/insert_mouse_key_2.png"
						pushedimage="skins/insert_mouse_key_2.png"/>
							
				<VerticalLayout name="wireless_macro_insert_key1_tab" width="130" height="55" padding="15,5,0,0" visible="false">
					<Button name="wireless_macro_inset_key1_down_btn" height="25" text="key_down_action" textcolor="#FFFFFFFF"  bkcolor="#FF2d2f30" padding="0,0,0,0" resourcetext="true"
							normalimage="skins/mouse_insert_1.png" hotimage="skins/mouse_insert_2.png" pushedimage="skins/mouse_insert_3.png"/>
							
					<Button name="wireless_macro_inset_key1_up_btn" height="25" text="key_up_action" textcolor="#FFFFFFFF"  bkcolor="#FF2d2f30" padding="0,5,0,0" resourcetext="true"
							normalimage="skins/mouse_insert_1.png" hotimage="skins/mouse_insert_2.png" pushedimage="skins/mouse_insert_3.png" />
				
				</VerticalLayout>	
									
				<Button name="wireless_macro_key2_btn" width="150" height="24" text="mouse_key_2_text" textcolor="#FFFFFFFF"  bkcolor="#FF2d2f30" padding="6,7,0,0" resourcetext="true" tooltip="mouse_key_2_text" endellipsis="true"
						textpadding="23,0,10,0"
						normalimage="skins/insert_mouse_key_1.png" 
						hotimage="skins/insert_mouse_key_2.png"
						pushedimage="skins/insert_mouse_key_2.png"/>
						
				<VerticalLayout name="wireless_macro_insert_key2_tab" width="130" height="57" padding="15,5,0,0" visible="false">
					<Button name="wireless_macro_inset_key2_down_btn" width="130" height="25" text="key_down_action" textcolor="#FFFFFFFF"  bkcolor="#FF2d2f30" padding="0,0,0,0" resourcetext="true"
						normalimage="skins/mouse_insert_1.png" hotimage="skins/mouse_insert_2.png" pushedimage="skins/mouse_insert_3.png"/>
								
					<Button name="wireless_macro_inset_key2_up_btn" width="130" height="25" text="key_up_action" textcolor="#FFFFFFFF"  bkcolor="#FF2d2f30" padding="0,5,0,0" resourcetext="true"
						normalimage="skins/mouse_insert_1.png" hotimage="skins/mouse_insert_2.png" pushedimage="skins/mouse_insert_3.png"/>
				
				</VerticalLayout>
						
				<Button name="wireless_macro_key3_btn" width="150" height="24" text="mouse_key_3_text" textcolor="#FFFFFFFF"  bkcolor="#FF2d2f30" padding="6,7,0,0" resourcetext="true" tooltip="mouse_key_3_text" endellipsis="true"
						textpadding="23,0,10,0"
						normalimage="skins/insert_mouse_key_1.png" 
						hotimage="skins/insert_mouse_key_2.png"
						pushedimage="skins/insert_mouse_key_2.png"/>
						
				<VerticalLayout name="wireless_macro_insert_key3_tab" width="130" height="57" padding="15,5,0,0" visible="false">
					<Button name="wireless_macro_inset_key3_down_btn" width="130" height="25" text="key_down_action" textcolor="#FFFFFFFF"  bkcolor="#FF2d2f30" padding="0,0,0,0" resourcetext="true"
						normalimage="skins/mouse_insert_1.png" hotimage="skins/mouse_insert_2.png" pushedimage="skins/mouse_insert_3.png"/>
						
					<Button name="wireless_macro_inset_key3_up_btn" width="130" height="25" text="key_up_action" textcolor="#FFFFFFFF"  bkcolor="#FF2d2f30" padding="0,5,0,0" resourcetext="true"
						normalimage="skins/mouse_insert_1.png" hotimage="skins/mouse_insert_2.png" pushedimage="skins/mouse_insert_3.png"/>
						
				</VerticalLayout>
						
				<Button name="wireless_macro_key4_btn" width="150" height="24" text="mouse_key_4_text" textcolor="#FFFFFFFF"  bkcolor="#FF2d2f30" padding="6,7,0,0" resourcetext="true" tooltip="mouse_key_4_text" endellipsis="true"
						textpadding="23,0,10,0"
						normalimage="skins/insert_mouse_key_1.png" 
						hotimage="skins/insert_mouse_key_2.png"
						pushedimage="skins/insert_mouse_key_2.png"/>
						
				<VerticalLayout name="wireless_macro_insert_key4_tab" width="130" height="57" padding="15,5,0,0" visible="false">
					<Button name="wireless_macro_inset_key4_down_btn" width="130" height="25" text="key_down_action" textcolor="#FFFFFFFF"  bkcolor="#FF2d2f30" padding="0,0,0,0" resourcetext="true"
						normalimage="skins/mouse_insert_1.png" hotimage="skins/mouse_insert_2.png" pushedimage="skins/mouse_insert_3.png"/>
							
					<Button name="wireless_macro_inset_key4_up_btn" width="130" height="25" text="key_up_action" textcolor="#FFFFFFFF"  bkcolor="#FF2d2f30" padding="0,5,0,0" resourcetext="true"
						normalimage="skins/mouse_insert_1.png" hotimage="skins/mouse_insert_2.png" pushedimage="skins/mouse_insert_3.png"/>
						
				</VerticalLayout>
						
				<Button name="wireless_macro_key5_btn" width="150" height="24" text="mouse_key_5_text" textcolor="#FFFFFFFF"  bkcolor="#FF2d2f30" padding="6,7,0,0" resourcetext="true" tooltip="mouse_key_5_text" endellipsis="true"
						textpadding="23,0,10,0"
						normalimage="skins/insert_mouse_key_1.png" 
						hotimage="skins/insert_mouse_key_2.png"
						pushedimage="skins/insert_mouse_key_2.png"/>
						
				<VerticalLayout name="wireless_macro_insert_key5_tab" width="130" height="57" padding="15,5,0,0" visible="false">
					<Button name="wireless_macro_inset_key5_down_btn" width="130" height="25" text="key_down_action" textcolor="#FFFFFFFF"  bkcolor="#FF2d2f30" padding="0,0,0,0" resourcetext="true"
						normalimage="skins/mouse_insert_1.png" hotimage="skins/mouse_insert_2.png" pushedimage="skins/mouse_insert_3.png"/>
							
					<Button name="wireless_macro_inset_key5_up_btn" width="130" height="25" text="key_up_action" textcolor="#FFFFFFFF"  bkcolor="#FF2d2f30" padding="0,5,0,0" resourcetext="true"
						normalimage="skins/mouse_insert_1.png" hotimage="skins/mouse_insert_2.png" pushedimage="skins/mouse_insert_3.png"/>
						
				</VerticalLayout>
											
				<HorizontalLayout width="150" height="25" padding="6,7,0,0" visible="false">
					<Button name="wireless_macro_inset_moveleftkey_btn" width="150" height="25" text="mouse_move_to_left_text" textcolor="#FFFFFFFF" padding="0,1,0,0" bkcolor="#FF2d2f30" resourcetext="true" bkimage="skins/zuoydo1.png" 
							normalimage="skins/zuoydo1.png" 
							pushedimage="skins/zuoydo.png"
							selectedimage="skins/zuoydo.png"
							hotimage="skins/zuoydo8.png"/>
					<Edit name="wireless_mouse_x_left_edit" float="true" pos="105,5,0,0"  width="30" height="15"  text="1" padding="0,0,0,0" bkcolor="#FF6c6d6e" nativebkcolor="#FF6c6d6e" textcolor="#FFFFFFFF" numberonly="true"/>
					</HorizontalLayout>	
				<HorizontalLayout width="150" height="25" padding="6,7,0,0"  visible="false">
					<Button name="wireless_macro_inset_moverightkey_btn" width="150" height="25" text="mouse_move_to_right_text" textcolor="#FFFFFFFF"  padding="0,1,0,0" bkcolor="#FF2d2f30" resourcetext="true"bkimage="skins/yoydo.png" 
							normalimage="skins/yoydo.png" 
							pushedimage="skins/yoydo1.png"
							selectedimage="skins/yoydo1.png"
							hotimage="skins/yoydo7.png"/>
					<Edit name="wireless_mouse_x_right_edit" float="true" pos="105,5,0,0"  width="30" height="15"  text="1"  padding="0,0,0,0"bkcolor="#FF6c6d6e" nativebkcolor="#FF6c6d6e" textcolor="#FFFFFFFF" numberonly="true"/>
				</HorizontalLayout>
				<HorizontalLayout width="150" height="25" padding="6,7,0,0"  visible="false">
					<Button name="wireless_macro_inset_moveupkey_btn" width="150" height="25" text="mouse_move_to_up_text" textcolor="#FFFFFFFF"   padding="0,1,0,0" bkcolor="#FF2d2f30" resourcetext="true" bkimage="skins/shang1.png" 
							normalimage="skins/shang1.png" 
							pushedimage="skins/shang.png"
							selectedimage="skins/shang.png"
							hotimage="skins/shang0.png"/>
					<Edit name="wireless_mouse_y_up_edit" float="true" pos="105,5,0,0"  width="30" height="15" text="1" padding="0,0,0,0" bkcolor="#FF6c6d6e" nativebkcolor="#FF6c6d6e" textcolor="#FFFFFFFF" numberonly="true"/>
				</HorizontalLayout>
				<HorizontalLayout width="150" height="25" padding="6,7,0,0"  visible="false">
					<Button name="wireless_macro_inset_movedownkey_btn"  width="150" height="25" text="mouse_move_to_down_text" textcolor="#FFFFFFFF" padding="0,1,0,0" bkcolor="#FF2d2f30" resourcetext="true" bkimage="skins/xian.png" 
							normalimage="skins/xian.png" 
							pushedimage="skins/xian1.png"
							selectedimage="skins/xian1.png"
							hotimage="skins/xian9.png"/>
					<Edit name="wireless_mouse_y_down_edit" float="true" pos="105,5,0,0" font="2" width="30" height="15" text="1" padding="0,0,0,0" bkcolor="#FF6c6d6e" nativebkcolor="#FF6c6d6e" textcolor="#FFFFFFFF" numberonly="true"/>
				</HorizontalLayout>
			</VerticalLayout>
		</VerticalLayout>
		
		<VerticalLayout padding="5,10,15,10" bordersize="1" bordercolor="0xFF000000">
			<HorizontalLayout bkcolor="0xFF000000" height="33" inset="1,1,1,1">
				<Label text="macro_name_text" font="1" textcolor="#FFFFFFFF" width="80" align="center" valign="vcenter" resourcetext="true" tooltip="macro_name_text" endellipsis="true"/>
				<RichEdit name="wireless_macro_name_edit" padding="0,2,0,0" height="28" width="150" font="1" align="center" valign="vcenter" maxchar="20" textcolor="0xFFFFFFFF" endellipsis="true" textpadding="5,5,5,5" multiline="false"
					normalimage="res='skins/profile_edit_name_1.png' corner='10,5,10,5'" hotimage="res='skins/profile_edit_name_2.png' corner='10,5,10,5'" focusedimage="res='skins/profile_edit_name_2.png' corner='10,5,10,5'"/>
				<Button name="wireless_macro_add_btn" width="31" height="28" padding="5,2,0,0" normalimage="skins/btn_add_macro_1.png" hotimage="skins/btn_add_macro_2.png" pushedimage="skins/btn_add_macro_2.png" />
                <Button name="wireless_macro_delete_btn" width="31" height="28" padding="5,2,0,0" normalimage="skins/btn_delete_macro_1.png" hotimage="skins/btn_delete_macro_2.png" pushedimage="skins/btn_delete_macro_2.png"/>
							
				<CheckBox name="wireless_macro_insert_mouse_btn" text="insert_mouse_event_text" textcolor="#FFFFFFFF" visible="true"  EnableAutoCheck="true" tooltip="insert_mouse_event_text" endellipsis="true"
                              width="90" height="28" padding="3,0,4,0" padding="5,2,0,0" resourcetext="true" font="1" 
							  normalimage="res='skins/btn_macro_1.png' corner='10,5,10,5'" hotimage="res='skins/btn_macro_2.png' corner='10,5,10,5'"  
							  selectedimage="res='skins/btn_macro_2.png' corner='10,5,10,5'" disabledimage="res='skins/btn_macro_1.png' corner='10,5,10,5'"/>

                <CheckBox name="wireless_macro_record_btn" text="start_recording_text" textcolor="#FFFFFFFF" EnableAutoCheck="true" tooltip="start_recording_text" endellipsis="true"
                              height="28" padding="3,0,4,0" padding="5,2,0,0" resourcetext="true" font="1" 
							   normalimage="res='skins/btn_macro_1.png' corner='10,5,10,5'" hotimage="res='skins/btn_macro_2.png' corner='10,5,10,5'"  
							  selectedimage="res='skins/btn_macro_2.png' corner='10,5,10,5'" disabledimage="res='skins/btn_macro_1.png' corner='10,5,10,5'"/>							
			</HorizontalLayout>
			
			<VerticalLayout bordercolor="0xFF000000" bordersize="1" padding="0,5,0,0">
				<List name="wireless_macro_action_list" height="300" vscrollbar="true" style="list_style" endellipsis="true"
                                  itemtextcolor="#FFFFFFFF" itemvalign="vcenter" bordersize="1" bordercolor="#FF000000" >
                    <ListHeader width="546" height="30" bordercolor="#FF2a2b2a" bordersize="1" >
						<ListHeaderItem text="macro_list_header_key_text" textcolor="#FFFFFFFF" bkcolor="#FF171616"
                            bordercolor="#FF2a2b2a" bordersize="1" sepwidth="1" resourcetext="true" dragable="false"/>
                        <ListHeaderItem text="macro_list_header_action_text" textcolor="#FFFFFFFF" bkcolor="#FF171616"
                            bordercolor="#FF2a2b2a" bordersize="1" sepwidth="1" resourcetext="true" dragable="false"/>
                        <ListHeaderItem text="macro_list_header_delay_text" textcolor="#FFFFFFFF" bkcolor="#FF171616"
                            bordercolor="#FF2a2b2a" bordersize="1" sepwidth="1" resourcetext="true" dragable="false"/>
                     </ListHeader>
                </List>
				
				<HorizontalLayout padding="0,5,0,0">
					<TabLayout name="wireless_macro_action_edit_tab" width="241" selectedid="0">
						<VerticalLayout>
							<Option name="wireless_record_delay_btn" text="record_delay_text" height="30" padding="25,0,0,0" style="radio_style" group="wireless_record_delay" tooltip="record_delay_text" endellipsis="true"
								normalimage="res='skins/radio_1.png' dest='0,12,7,19'"
								hotimage="res='skins/radio_2.png' dest='0,12,7,19'"
								pushedimage="res='skins/radio_2.png' dest='0,12,7,19'"
								selectedimage="res='skins/radio_2.png' dest='0,12,7,19'"/>
							<Container height="30" padding="25,10,0,0">
								<Option name="wireless_default_delay_btn" text="default_delay_text" height="30" style="radio_style" textpadding="75,0,0,0" group="wireless_record_delay" selected="true" tooltip="default_delay_text" endellipsis="true"
									normalimage="res='skins/radio_1.png' dest='0,12,7,19'"
									hotimage="res='skins/radio_2.png' dest='0,12,7,19'"
									pushedimage="res='skins/radio_2.png' dest='0,12,7,19'"
									selectedimage="res='skins/radio_2.png' dest='0,12,7,19'"/>
								<RichEdit name="wireless_default_delay_edit" text="10" float="true" pos="10,3,70,27" font="1" align="center" valign="vcenter" maxchar="5" numberonly="true" textcolor="0xFFFFFFFF" textpadding="5,5,5,5" multiline="false"
									normalimage="res='skins/profile_edit_name_1.png' corner='10,5,10,5'" hotimage="res='skins/profile_edit_name_2.png' corner='10,5,10,5'" focusedimage="res='skins/profile_edit_name_2.png' corner='10,5,10,5'"/>
							</Container>
							<Option name="wireless_no_delay_btn" text="no_delay_text" height="30" padding="25,10,0,0" style="radio_style" group="wireless_record_delay" tooltip="no_delay_text" endellipsis="true"
								normalimage="res='skins/radio_1.png' dest='0,12,7,19'"
								hotimage="res='skins/radio_2.png' dest='0,12,7,19'"
								pushedimage="res='skins/radio_2.png' dest='0,12,7,19'"
								selectedimage="res='skins/radio_2.png' dest='0,12,7,19'"/>
						</VerticalLayout>
						
						<VerticalLayout>
							<HorizontalLayout height="28">
								<Button width="1" /><!--占位获取焦点-->
								<Label text="macro_list_header_key_text" resourcetext="true" textcolor="0xFFFFFFFF" width="100" align="left" valign="vcenter" textpadding="10,0,0,0" tooltip="macro_list_header_key_text" endellipsis="true"/>
								<RichEdit name="wireless_macro_action_edit" width="140" align="center" valign="vcenter" textcolor="0xFFFFFFFF" textpadding="5,8,5,5" multiline="false"
									normalimage="res='skins/profile_edit_name_1.png' corner='10,5,10,5'" hotimage="res='skins/profile_edit_name_2.png' corner='10,5,10,5'" focusedimage="res='skins/profile_edit_name_2.png' corner='10,5,10,5'"/>
							</HorizontalLayout>
							<Control/>
							<HorizontalLayout height="28">
								<Label text="macro_list_header_delay_text" resourcetext="true" textcolor="0xFFFFFFFF" width="100" align="left" valign="vcenter" textpadding="10,0,0,0" tooltip="macro_list_header_delay_text" endellipsis="true"/>
								<RichEdit name="wireless_macro_delay_edit" width="140" align="center" valign="vcenter" maxchar="5" numberonly="true" textcolor="0xFFFFFFFF" textpadding="5,5,5,5" multiline="false"
									normalimage="res='skins/profile_edit_name_1.png' corner='10,5,10,5'" hotimage="res='skins/profile_edit_name_2.png' corner='10,5,10,5'" focusedimage="res='skins/profile_edit_name_2.png' corner='10,5,10,5'"/>
							</HorizontalLayout>
							<Control/>
						</VerticalLayout>
						
						<VerticalLayout>
							<HorizontalLayout height="28">
								<Button width="1" /><!--占位获取焦点-->
								<Label text="macro_list_header_key_text" resourcetext="true" textcolor="0xFFFFFFFF" width="100" align="left" valign="vcenter" textpadding="10,0,0,0" tooltip="macro_list_header_key_text" endellipsis="true"/>
								<Combo name="wireless_macro_mouse_action_combo" width="140" style="profile_combo_style" dropboxsize="0,310" itemalign="center" itemvalign="vcenter" endellipsis="true" itemendellipsis="true"
									dropbox="bordercolor=&quot;#FF666666&quot; bordersize=&quot;1&quot; bkimage=&quot;skins/combo_bk.png&quot;">
									<ListLabelElement height="25" resourcetext="true" text="L_Button" selected="true"/>
									<ListLabelElement height="25" resourcetext="true" text="R_Button"/>
									<ListLabelElement height="25" resourcetext="true" text="M_Button"/>
									<ListLabelElement height="25" resourcetext="true" text="Forward_Button"/>
									<ListLabelElement height="25" resourcetext="true" text="Backward_Button"/>
								</Combo>
							</HorizontalLayout>
							<Control/>
							<HorizontalLayout height="28">
								<Label text="macro_list_header_delay_text" resourcetext="true" textcolor="0xFFFFFFFF" width="100" align="left" valign="vcenter" textpadding="10,0,0,0" tooltip="macro_list_header_delay_text" endellipsis="true"/>
								<RichEdit name="wireless_macro_mouseaction_delay_edit" width="140" align="center" valign="vcenter" maxchar="5" numberonly="true" textcolor="0xFFFFFFFF" textpadding="5,5,5,5" multiline="false"
									normalimage="res='skins/profile_edit_name_1.png' corner='10,5,10,5'" hotimage="res='skins/profile_edit_name_2.png' corner='10,5,10,5'" focusedimage="res='skins/profile_edit_name_2.png' corner='10,5,10,5'"/>
							</HorizontalLayout>
							<Control/>
						</VerticalLayout>
					</TabLayout>
					<VerticalLayout childpadding="2" padding="10,0,0,0">
						<HorizontalLayout height="30" padding="50,0,0,0">
							<Button name="wireless_macro_uptop_btn" visible="false" width="28" height="28" resourcetext="true" tooltip="macro_uptop_text"
								normalimage="skins/up_top_normal.png"
								hotimage="skins/up_top_over.png"
								pushedimage="skins/up_top_pushed.png"
								disabledimage="skins/up_top_disabled.png"/>
							<Button name="wireless_macro_downbottom_btn" visible="false" width="28" height="28" resourcetext="true" tooltip="macro_downbottom_text"
								normalimage="skins/down_bottom_normal.png"
								hotimage="skins/down_bottom_over.png"
								pushedimage="skins/down_bottom_pushed.png"
								disabledimage="skins/down_bottom_disabled.png"/>
							<CheckBox name="wireless_macro_action_edit_check" width="31" height="28" resourcetext="true" tooltip="macro_edit_text" EnableAutoCheck="true"
								normalimage="skins/btn_edit_1.png"
								hotimage="skins/btn_edit_2.png"
								pushedimage="skins/btn_edit_2.png"
								selectedimage="skins/btn_edit_2.png"
								disabledimage="skins/btn_edit_1.png"/>
						<!--	<Button name="wireless_macro_action_edit_btn" width="31" height="28" resourcetext="true" tooltip="macro_edit_text"
								normalimage="skins/btn_edit_1.png"
								hotimage="skins/btn_edit_2.png"
								pushedimage="skins/btn_edit_2.png"
								disabledimage="skins/btn_edit_1.png"/>	-->
							<Button name="wireless_macro_up_btn" width="31" height="28" resourcetext="true" tooltip="macro_up_text"
								normalimage="skins/btn_up_1.png"
								hotimage="skins/btn_up_2.png"
								pushedimage="skins/btn_up_2.png"
								disabledimage="skins/btn_up_1.png"/>   
							<Button name="wireless_macro_down_btn" width="31" height="28" resourcetext="true" tooltip="macro_down_text"
								normalimage="skins/btn_down_1.png"
								hotimage="skins/btn_down_2.png"
								pushedimage="skins/btn_down_2.png"
								disabledimage="skins/btn_down_1.png"/>
							<Button name="wireless_macro_delete_action_btn" width="31" height="28" resourcetext="true" tooltip="macro_delete_action_text"
								normalimage="skins/delete_macro_action_1.png"
								hotimage="skins/delete_macro_action_2.png"
								pushedimage="skins/delete_macro_action_2.png"
								disabledimage="skins/delete_macro_action_1.png"/>
							<Button name="wireless_macro_clear_action_btn" width="31" height="28" resourcetext="true" tooltip="macro_clear_action_text"
								normalimage="skins/clear_macro_action_1.png"
								hotimage="skins/clear_macro_action_2.png"
								pushedimage="skins/clear_macro_action_2.png"
								disabledimage="skins/clear_macro_action_1.png"/>
						</HorizontalLayout>
						<VerticalLayout padding="50,20,0,0">
							<HorizontalLayout height="30">
								<HorizontalLayout name="wireless_macro_savedata_tab" visible="false">
									<Button name="wireless_macro_save_btn" text="save_text" textcolor="#FFFFFFFF" tooltip="save_text" padding="2,0,0,0" endellipsis="true"
										resourcetext="true" width="100" height="28" style="profile_name_btn_style"/>
									<Button name="wireless_macro_cancel_btn" text="cancel_text" textcolor="#FFFFFFFF" tooltip="cancel_text" padding="2,0,0,0" endellipsis="true"
										resourcetext="true" width="100" height="28" style="profile_name_btn_style"/>
								</HorizontalLayout>
							</HorizontalLayout>
							<HorizontalLayout name="wireless_macro_exportorimport_tab">
								<Button name="wireless_macro_export_btn" text="export_text" style="profile_name_btn_style" padding="2,0,0,0" textcolor="#FFFFFFFF" resourcetext="true" width="100" height="28" tooltip="export_text" endellipsis="true"/>
								<Button name="wireless_macro_import_btn" text="import_text" style="profile_name_btn_style" padding="2,0,0,0" textcolor="#FFFFFFFF" resourcetext="true" width="100" height="28" tooltip="import_text" endellipsis="true"/>
							</HorizontalLayout>
						</VerticalLayout>
						
					</VerticalLayout>
				</HorizontalLayout>
			</VerticalLayout>
			
		</VerticalLayout>
		
	</HorizontalLayout>
</Window>